<?xml version = '1.0' encoding = 'windows-1257'?>
<weblogic-web-app xmlns:xsi="http://www.w3.org/2001/XMLSchema-instance"
                  xsi:schemaLocation="http://xmlns.oracle.com/weblogic/weblogic-web-app http://xmlns.oracle.com/weblogic/weblogic-web-app/1.1/weblogic-web-app.xsd"
                  xmlns="http://xmlns.oracle.com/weblogic/weblogic-web-app">  
  <container-descriptor>
    <prefer-web-inf-classes>true</prefer-web-inf-classes>
  </container-descriptor>

  <context-root>/saiku</context-root>
  
  <library-ref>
	<library-name>jstl</library-name>
	<specification-version>1.2</specification-version>
	<exact-match>true</exact-match>
  </library-ref>
  
  <library-ref>
		<library-name>spring</library-name>
		<exact-match>false</exact-match>
	</library-ref>
</weblogic-web-app>